# Teleporter X,Y,Z,Map,Dest X,Y,Z,Map,Back?
# Old Despise

#6992,1367,-15,Felucca,511,585,11,TerMur,False
#6993,1367,-15,Felucca,512,585,11,TerMur,False
#6994,1367,-15,Felucca,513,585,11,TerMur,False

5409,860,52,Trammel,5387,757,-3,Trammel,False
5409,858,52,Trammel,5387,755,-3,Trammel,False
5409,859,52,Trammel,5387,756,-3,Trammel,False


# Teleporter X,Y,Z,Map,Dest X,Y,Z,Map,Back?
512,1559,0,Felucca,5394,127,0,Felucca,True
513,1559,0,Felucca,5395,127,0,Felucca,True
514,1559,0,Felucca,5396,127,0,Felucca,True
5490,19,-25,Felucca,5514,10,5,Felucca,True
5875,19,-5,Felucca,5507,162,5,Felucca,True
5604,102,5,Felucca,5514,147,25,Felucca,True
5513,176,5,Felucca,5540,187,0,Felucca,False
5538,170,5,Felucca,5517,176,0,Felucca,False
4721,3813,0,Felucca,5904,16,64,Felucca,True
4722,3813,0,Felucca,5905,16,64,Felucca,True
4723,3813,0,Felucca,5906,16,64,Felucca,True
6040,192,12,Felucca,6059,88,24,Felucca,True
6040,193,12,Felucca,6059,89,24,Felucca,True
6040,194,12,Felucca,6059,90,24,Felucca,True
5920,168,16,Felucca,6083,144,-20,Felucca,False
5920,169,16,Felucca,6083,145,-20,Felucca,False
5920,170,16,Felucca,6083,146,-20,Felucca,False
6083,144,-20,Felucca,5920,168,22,Felucca,False
6083,145,-20,Felucca,5920,169,22,Felucca,False
6083,146,-20,Felucca,5920,170,22,Felucca,False
5972,168,0,Felucca,5905,100,0,Felucca,False
5906,96,0,Felucca,5977,169,0,Felucca,False
2498,916,0,Felucca,5455,1864,0,Felucca,True
2499,916,0,Felucca,5456,1864,0,Felucca,True
2500,916,0,Felucca,5457,1864,0,Felucca,True
2384,836,0,Felucca,5615,1996,0,Felucca,True
2384,837,0,Felucca,5615,1997,0,Felucca,True
2384,838,0,Felucca,5615,1998,0,Felucca,True
2420,883,0,Felucca,5392,1959,0,Felucca,True
2421,883,0,Felucca,5393,1959,0,Felucca,True
2422,883,0,Felucca,5394,1959,0,Felucca,True
2455,858,0,Felucca,5388,2027,0,Felucca,True
2456,858,0,Felucca,5389,2027,0,Felucca,True
2457,858,0,Felucca,5390,2027,0,Felucca,True
2544,850,0,Felucca,5578,1927,0,Felucca,True
2545,850,0,Felucca,5579,1927,0,Felucca,True
2546,850,0,Felucca,5580,1927,0,Felucca,True
5551,1805,12,Felucca,5556,1825,-3,Felucca,False
5552,1805,12,Felucca,5557,1825,-3,Felucca,False
5553,1805,12,Felucca,5557,1825,-3,Felucca,False
5556,1826,-10,Felucca,5551,1806,7,Felucca,False
5557,1826,-10,Felucca,5552,1806,7,Felucca,False
5466,1804,12,Felucca,5593,1840,-3,Felucca,False
5466,1805,12,Felucca,5593,1841,-3,Felucca,False
5466,1806,12,Felucca,5593,1842,-3,Felucca,False
5594,1840,-9,Felucca,5467,1804,7,Felucca,False
5594,1841,-9,Felucca,5467,1805,7,Felucca,False
5824,631,5,Felucca,2041,215,14,Felucca,True
5825,631,5,Felucca,2042,215,14,Felucca,True
5825,631,5,Felucca,2043,215,14,Felucca,True
5698,662,0,Felucca,5793,527,10,Felucca,False
4110,430,5,Felucca,5187,639,0,Felucca,False
4111,430,5,Felucca,5188,639,0,Felucca,False
4112,430,5,Felucca,5189,639,0,Felucca,False
5187,639,0,Felucca,4110,430,5,Felucca,False
5188,639,0,Felucca,4111,430,5,Felucca,False
5189,639,0,Felucca,4112,430,5,Felucca,False
5216,586,-13,Felucca,5304,533,2,Felucca,False
5217,586,-13,Felucca,5305,533,2,Felucca,False
5218,586,-13,Felucca,5306,533,2,Felucca,False
5304,532,7,Felucca,5216,585,-8,Felucca,False
5305,532,7,Felucca,5217,585,-8,Felucca,False
5306,532,7,Felucca,5218,585,-8,Felucca,False
5218,761,-28,Felucca,5305,651,7,Felucca,False
5219,761,-28,Felucca,5306,651,7,Felucca,False
5305,650,12,Felucca,5218,760,-23,Felucca,False
5306,650,12,Felucca,5219,760,-23,Felucca,False
5346,578,5,Felucca,5137,649,5,Felucca,True
5186,639,0,Felucca,4110,430,5,Felucca,False
5504,569,46,Felucca,5574,628,37,Felucca,False
5504,570,46,Felucca,5574,629,37,Felucca,False
5504,571,46,Felucca,5574,630,37,Felucca,False
5572,632,17,Felucca,5521,672,27,Felucca,False
5572,633,17,Felucca,5521,673,27,Felucca,False
5572,634,17,Felucca,5521,674,27,Felucca,False
5573,628,42,Felucca,5503,569,51,Felucca,False
5573,629,42,Felucca,5503,570,51,Felucca,False
5573,630,42,Felucca,5503,571,51,Felucca,False
5588,632,30,Felucca,1296,1082,0,Felucca,True
5588,630,30,Felucca,1296,1080,0,Felucca,True
5588,631,30,Felucca,1296,1081,0,Felucca,True
5522,672,32,Felucca,5573,632,22,Felucca,False
5522,673,32,Felucca,5573,633,22,Felucca,False
5522,674,32,Felucca,5573,634,22,Felucca,False
5386,756,-8,Felucca,5408,859,47,Felucca,False
5386,757,-8,Felucca,5408,860,47,Felucca,False
5386,755,-8,Felucca,5408,858,47,Felucca,False
5409,860,52,Felucca,5387,757,-3,Felucca,False
5409,858,52,Felucca,5387,755,-3,Felucca,False
5409,859,52,Felucca,5387,756,-3,Felucca,False
5242,1007,0,Felucca,1175,2635,0,Felucca,True
5243,1007,0,Felucca,1176,2635,0,Felucca,True
5244,1007,0,Felucca,1177,2635,0,Felucca,True
5142,797,22,Felucca,5129,908,-23,Felucca,False
5143,797,22,Felucca,5130,908,-23,Felucca,False
5144,797,22,Felucca,5131,908,-23,Felucca,False
5145,797,22,Felucca,5132,908,-23,Felucca,False
5153,808,-25,Felucca,5134,984,17,Felucca,False
5153,809,-25,Felucca,5134,985,17,Felucca,False
5153,810,-25,Felucca,5134,986,17,Felucca,False
5153,811,-25,Felucca,5134,987,17,Felucca,False
5129,909,-28,Felucca,5142,798,17,Felucca,False
5130,909,-28,Felucca,5143,798,17,Felucca,False
5131,909,-28,Felucca,5144,798,17,Felucca,False
5132,909,-28,Felucca,5145,798,17,Felucca,False
5133,984,22,Felucca,5152,808,-19,Felucca,False
5133,985,22,Felucca,5152,809,-19,Felucca,False
5133,986,22,Felucca,5152,810,-19,Felucca,False
5133,987,22,Felucca,5152,811,-19,Felucca,False
2603,2121,-20,Felucca,2605,2130,8,Felucca,False
2603,2120,-20,Felucca,2605,2130,8,Felucca,False
2669,2071,-20,Felucca,2666,2099,3,Felucca,False
2669,2072,-20,Felucca,2666,2099,3,Felucca,False
2669,2073,-20,Felucca,2666,2099,3,Felucca,False
2676,2241,-18,Felucca,2691,2234,2,Felucca,False
2676,2242,-18,Felucca,2691,2234,2,Felucca,False
2758,2092,-20,Felucca,2756,2097,38,Felucca,False
2759,2092,-20,Felucca,2756,2097,38,Felucca,False
2685,2063,39,Felucca,2685,2063,-20,Felucca,False
5217,18,15,Felucca,5204,74,17,Felucca,False
5200,71,17,Felucca,5211,22,15,Felucca,False
1997,81,7,Felucca,5881,242,0,Felucca,False
5705,146,-45,Felucca,5705,305,7,Felucca,False
5705,147,-45,Felucca,5705,306,7,Felucca,False
5874,146,27,Felucca,5208,2323,31,Felucca,False
5875,146,27,Felucca,5208,2322,32,Felucca,False
5876,146,27,Felucca,5208,2322,32,Felucca,False
5877,146,27,Felucca,5208,2322,32,Felucca,False
2399,198,0,Felucca,5753,436,79,Felucca,False
2400,198,0,Felucca,5754,436,80,Felucca,False
5191,152,0,Felucca,1367,891,0,Felucca,False
5849,239,-25,Felucca,5831,324,27,Felucca,False
5850,239,-25,Felucca,5832,324,26,Felucca,False
5851,239,-25,Felucca,5833,324,28,Felucca,False
5852,239,-25,Felucca,5834,324,27,Felucca,False
5853,239,-23,Felucca,5835,324,27,Felucca,False
5882,241,0,Felucca,1998,81,5,Felucca,False
5882,242,0,Felucca,1998,81,5,Felucca,False
5882,243,0,Felucca,1998,81,5,Felucca,False
5706,305,12,Felucca,5705,146,-45,Felucca,False
5706,306,12,Felucca,5705,147,-45,Felucca,False
5748,362,2,Felucca,313,786,-24,Felucca,False
5749,362,0,Felucca,313,786,-24,Felucca,False
5750,362,3,Felucca,314,786,-24,Felucca,False
5753,324,21,Felucca,5670,2391,40,Felucca,False
5831,323,34,Felucca,5849,238,-25,Felucca,False
5832,323,34,Felucca,5850,238,-25,Felucca,False
5833,323,33,Felucca,5851,238,-25,Felucca,False
5834,323,33,Felucca,5852,238,-25,Felucca,False
5835,323,33,Felucca,5853,238,-23,Felucca,False
5658,423,8,Felucca,5697,3659,2,Felucca,False
5686,385,2,Felucca,2777,894,-23,Felucca,False
5686,386,2,Felucca,2777,894,-23,Felucca,False
5686,387,2,Felucca,2777,895,-23,Felucca,False
5731,445,-18,Felucca,6087,3676,18,Felucca,False
5753,437,78,Felucca,2400,199,0,Felucca,False
5850,432,0,Felucca,5127,3143,97,Felucca,False
5850,433,-2,Felucca,5127,3143,97,Felucca,False
5850,434,-1,Felucca,5127,3143,97,Felucca,False
5850,431,2,Felucca,5127,3143,97,Felucca,False
5826,465,-1,Felucca,1987,2063,-40,Felucca,False
5827,465,-1,Felucca,1988,2063,-40,Felucca,False
5828,465,0,Felucca,1989,2063,-40,Felucca,False
313,786,-24,Felucca,5748,361,2,Felucca,False
314,786,-24,Felucca,5749,361,2,Felucca,False
2776,895,-23,Felucca,5685,387,2,Felucca,False
4540,898,32,Felucca,4442,1122,5,Felucca,False
4300,968,5,Felucca,4442,1122,5,Felucca,False
4436,1107,5,Felucca,4300,992,5,Felucca,False
4443,1137,5,Felucca,4487,1475,5,Felucca,False
4449,1107,5,Felucca,4539,890,28,Felucca,False
4449,1115,5,Felucca,4671,1135,10,Felucca,False
4663,1134,13,Felucca,4442,1122,5,Felucca,False
5701,1320,16,Felucca,5786,1336,-8,Felucca,False
5702,1320,16,Felucca,5787,1336,-8,Felucca,False
5703,1320,16,Felucca,5788,1336,-8,Felucca,False
5786,1335,-13,Felucca,5701,1319,13,Felucca,False
5787,1335,-13,Felucca,5702,1319,13,Felucca,False
5788,1335,-13,Felucca,5703,1319,13,Felucca,False
6005,1380,1,Felucca,5151,4063,37,Felucca,False
6005,1378,0,Felucca,5151,4062,37,Felucca,False
6005,1379,2,Felucca,5151,4062,37,Felucca,False
6025,1344,-26,Felucca,5137,3664,27,Felucca,False
6025,1345,-26,Felucca,5137,3664,27,Felucca,False
6025,1346,-26,Felucca,5137,3665,31,Felucca,False
5687,1424,38,Felucca,2923,3406,8,Felucca,False
5792,1416,41,Felucca,5758,2908,15,Felucca,False
5792,1417,41,Felucca,5758,2909,15,Felucca,False
5792,1415,41,Felucca,5758,2907,15,Felucca,False
5899,1411,43,Felucca,1630,3320,0,Felucca,False
5900,1411,42,Felucca,1630,3320,0,Felucca,False
5918,1412,-29,Felucca,5961,1409,59,Felucca,False
5918,1410,-29,Felucca,5961,1408,59,Felucca,False
5918,1411,-29,Felucca,5961,1408,59,Felucca,False
5961,1408,59,Felucca,5918,1411,-29,Felucca,False
5961,1409,59,Felucca,5918,1412,-29,Felucca,False
6125,1411,15,Felucca,6075,3332,4,Felucca,False
6126,1411,15,Felucca,6075,3332,4,Felucca,False
6127,1411,15,Felucca,6075,3332,4,Felucca,False
6137,1409,2,Felucca,6140,1432,4,Felucca,False
6138,1409,2,Felucca,6140,1432,4,Felucca,False
6140,1431,4,Felucca,6137,1408,2,Felucca,False
4496,1475,15,Felucca,4442,1122,5,Felucca,False
6031,1501,42,Felucca,1491,1642,24,Felucca,False
6031,1499,42,Felucca,1491,1640,24,Felucca,False
1491,1640,24,Felucca,6032,1499,31,Felucca,False
1491,1642,24,Felucca,6032,1501,31,Felucca,False
5340,1599,40,Felucca,5426,3122,-74,Felucca,False
5341,1599,40,Felucca,5426,3122,-74,Felucca,False
1987,2062,-40,Felucca,5826,464,0,Felucca,False
1988,2062,-40,Felucca,5827,464,-1,Felucca,False
1989,2062,-40,Felucca,5828,464,-1,Felucca,False
5203,2327,27,Felucca,5876,147,25,Felucca,False
5207,2322,27,Felucca,5877,147,25,Felucca,False
5207,2323,26,Felucca,5876,147,25,Felucca,False
5670,2391,40,Felucca,5753,325,10,Felucca,False
5974,2697,35,Felucca,2985,2890,35,Felucca,False
5267,2757,35,Felucca,424,3283,35,Felucca,False
5757,2908,14,Felucca,5791,1416,38,Felucca,False
5757,2909,15,Felucca,5791,1417,40,Felucca,False
5757,2907,15,Felucca,5791,1415,38,Felucca,False
1653,2963,0,Felucca,1677,2987,0,Felucca,False
1677,2987,0,Felucca,1675,2987,20,Felucca,False
5426,3123,-80,Felucca,5341,1602,0,Felucca,False
5126,3143,99,Felucca,5849,432,1,Felucca,False
424,3283,35,Felucca,5267,2757,35,Felucca,False
1629,3320,0,Felucca,5899,1411,43,Felucca,False
6075,3332,4,Felucca,6126,1410,15,Felucca,False
2923,3405,6,Felucca,5687,1423,39,Felucca,False
1142,3621,5,Felucca,1414,3828,5,Felucca,False
5137,3664,27,Felucca,6025,1344,-26,Felucca,False
5137,3665,31,Felucca,6025,1345,-26,Felucca,False
5697,3660,-5,Felucca,5658,424,0,Felucca,False
6086,3676,16,Felucca,5731,446,-16,Felucca,False
1409,3824,5,Felucca,1124,3623,5,Felucca,False
1419,3832,5,Felucca,1466,4015,5,Felucca,False
1406,3996,5,Felucca,1414,3828,5,Felucca,False
5150,4062,38,Felucca,6005,1378,0,Felucca,False
5150,4063,38,Felucca,6005,1380,1,Felucca,False
5906,4069,26,Felucca,2494,3576,5,Felucca,True
2985,2890,35,Felucca,5974,2697,35,Felucca,False
6172,21,0,Felucca,765,1645,0,Felucca,False
6172,22,0,Felucca,765,1646,0,Felucca,False
6172,23,0,Felucca,765,1647,0,Felucca,False
766,1645,0,Felucca,6174,21,0,Felucca,False
766,1646,0,Felucca,6174,22,0,Felucca,False
766,1647,0,Felucca,6174,23,0,Felucca,False
6173,176,-10,Felucca,6233,15,-10,Felucca,False
6174,176,-10,Felucca,6234,15,-10,Felucca,False
6175,176,-10,Felucca,6235,15,-10,Felucca,False
6176,176,-10,Felucca,6236,15,-10,Felucca,False
6177,176,-10,Felucca,6237,15,-10,Felucca,False
6178,176,-10,Felucca,6238,15,-10,Felucca,False
6179,176,-10,Felucca,6239,15,-10,Felucca,False
6233,14,-10,Felucca,6172,174,-10,Felucca,False
6234,14,-10,Felucca,6173,174,-10,Felucca,False
6235,14,-10,Felucca,6174,174,-10,Felucca,False
6236,14,-10,Felucca,6175,174,-10,Felucca,False
6237,14,-10,Felucca,6176,174,-10,Felucca,False
6238,14,-10,Felucca,6177,174,-10,Felucca,False
6239,14,-10,Felucca,6177,174,-10,Felucca,False
6240,14,-10,Felucca,6178,174,-10,Felucca,False
6256,97,-4,Felucca,6257,95,-10,Felucca,False
6260,97,-4,Felucca,6260,95,-10,Felucca,False
6263,97,-4,Felucca,6262,95,-10,Felucca,False
6269,97,-4,Felucca,6269,95,-10,Felucca,False
6273,97,-4,Felucca,6272,95,-10,Felucca,False
6262,95,-10,Felucca,6262,99,-10,Felucca,False
6159,130,0,Felucca,6317,63,-20,Felucca,False
6164,73,0,Felucca,6320,22,-20,Felucca,False
6161,163,-10,Felucca,6321,106,-20,Felucca,False
6276,40,-10,Felucca,6374,124,-20,Felucca,False
6211,106,0,Felucca,6355,34,-20,Felucca,False
6316,62,-5,Felucca,6160,131,0,Felucca,False
6319,19,-20,Felucca,6165,74,0,Felucca,False
6356,32,-9,Felucca,6210,105,0,Felucca,False
6374,125,-20,Felucca,6277,41,-10,Felucca,False
6373,49,-20,Felucca,801,1682,0,Felucca,False
6374,49,-20,Felucca,801,1682,0,Felucca,False
6375,49,-20,Felucca,801,1682,0,Felucca,False
6376,49,-20,Felucca,801,1682,0,Felucca,False
6377,49,-20,Felucca,801,1682,0,Felucca,False
1714,2996,0,Felucca,6308,892,0,Felucca,False
1714,2997,0,Felucca,6308,892,0,Felucca,False
6310,890,0,Felucca,1716,2997,0,Felucca,False
6310,891,0,Felucca,1716,2997,0,Felucca,False
6310,892,0,Felucca,1716,2997,0,Felucca,False
6310,893,0,Felucca,1716,2997,0,Felucca,False
512,1559,0,Trammel,5394,127,0,Trammel,True
513,1559,0,Trammel,5395,127,0,Trammel,True
514,1559,0,Trammel,5396,127,0,Trammel,True
5490,19,-25,Trammel,5514,10,5,Trammel,True
5875,19,-5,Trammel,5507,162,5,Trammel,True
5604,102,5,Trammel,5514,147,25,Trammel,True
5513,176,5,Trammel,5540,187,0,Trammel,False
5538,170,5,Trammel,5517,176,0,Trammel,False
4721,3813,0,Trammel,5904,16,64,Trammel,True
4722,3813,0,Trammel,5905,16,64,Trammel,True
4723,3813,0,Trammel,5906,16,64,Trammel,True
6040,192,12,Trammel,6059,88,24,Trammel,True
6040,193,12,Trammel,6059,89,24,Trammel,True
6040,194,12,Trammel,6059,90,24,Trammel,True
5920,168,16,Trammel,6083,144,-20,Trammel,False
5920,169,16,Trammel,6083,145,-20,Trammel,False
5920,170,16,Trammel,6083,146,-20,Trammel,False
6083,144,-20,Trammel,5920,168,22,Trammel,False
6083,145,-20,Trammel,5920,169,22,Trammel,False
6083,146,-20,Trammel,5920,170,22,Trammel,False
5972,168,0,Trammel,5905,100,0,Trammel,False
5906,96,0,Trammel,5977,169,0,Trammel,False
2498,916,0,Trammel,5455,1864,0,Trammel,True
2499,916,0,Trammel,5456,1864,0,Trammel,True
2500,916,0,Trammel,5457,1864,0,Trammel,True
2384,836,0,Trammel,5615,1996,0,Trammel,True
2384,837,0,Trammel,5615,1997,0,Trammel,True
2384,838,0,Trammel,5615,1998,0,Trammel,True
2420,883,0,Trammel,5392,1959,0,Trammel,True
2421,883,0,Trammel,5393,1959,0,Trammel,True
2422,883,0,Trammel,5394,1959,0,Trammel,True
2455,858,0,Trammel,5388,2027,0,Trammel,True
2456,858,0,Trammel,5389,2027,0,Trammel,True
2457,858,0,Trammel,5390,2027,0,Trammel,True
2544,850,0,Trammel,5578,1927,0,Trammel,True
2545,850,0,Trammel,5579,1927,0,Trammel,True
2546,850,0,Trammel,5580,1927,0,Trammel,True
5551,1805,12,Trammel,5556,1825,-3,Trammel,False
5552,1805,12,Trammel,5557,1825,-3,Trammel,False
5553,1805,12,Trammel,5557,1825,-3,Trammel,False
5556,1826,-10,Trammel,5551,1806,7,Trammel,False
5557,1826,-10,Trammel,5552,1806,7,Trammel,False
5466,1804,12,Trammel,5593,1840,-3,Trammel,False
5466,1805,12,Trammel,5593,1841,-3,Trammel,False
5466,1806,12,Trammel,5593,1842,-3,Trammel,False
5594,1840,-9,Trammel,5467,1804,7,Trammel,False
5594,1841,-9,Trammel,5467,1805,7,Trammel,False
5824,631,5,Trammel,2041,215,14,Trammel,True
5825,631,5,Trammel,2042,215,14,Trammel,True
5825,631,5,Trammel,2043,215,14,Trammel,True
5698,662,0,Trammel,5793,527,10,Trammel,False
4110,430,5,Trammel,5187,639,0,Trammel,False
4111,430,5,Trammel,5188,639,0,Trammel,False
4112,430,5,Trammel,5189,639,0,Trammel,False
5187,639,0,Trammel,4110,430,5,Trammel,False
5188,639,0,Trammel,4111,430,5,Trammel,False
5189,639,0,Trammel,4112,430,5,Trammel,False
5216,586,-13,Trammel,5304,533,2,Trammel,False
5217,586,-13,Trammel,5305,533,2,Trammel,False
5218,586,-13,Trammel,5306,533,2,Trammel,False
5304,532,7,Trammel,5216,585,-8,Trammel,False
5305,532,7,Trammel,5217,585,-8,Trammel,False
5306,532,7,Trammel,5218,585,-8,Trammel,False
5218,761,-28,Trammel,5305,651,7,Trammel,False
5219,761,-28,Trammel,5306,651,7,Trammel,False
5305,650,12,Trammel,5218,760,-23,Trammel,False
5306,650,12,Trammel,5219,760,-23,Trammel,False
5346,578,5,Trammel,5137,649,5,Trammel,True
5186,639,0,Trammel,4110,430,5,Trammel,False
5504,569,46,Trammel,5574,628,37,Trammel,False
5504,570,46,Trammel,5574,629,37,Trammel,False
5504,571,46,Trammel,5574,630,37,Trammel,False
5572,632,17,Trammel,5521,672,27,Trammel,False
5572,633,17,Trammel,5521,673,27,Trammel,False
5572,634,17,Trammel,5521,674,27,Trammel,False
5573,628,42,Trammel,5503,569,51,Trammel,False
5573,629,42,Trammel,5503,570,51,Trammel,False
5573,630,42,Trammel,5503,571,51,Trammel,False
5588,632,30,Trammel,1296,1082,0,Trammel,True
5588,630,30,Trammel,1296,1080,0,Trammel,True
5588,631,30,Trammel,1296,1081,0,Trammel,True
5522,672,32,Trammel,5573,632,22,Trammel,False
5522,673,32,Trammel,5573,633,22,Trammel,False
5522,674,32,Trammel,5573,634,22,Trammel,False
5386,756,-8,Trammel,5408,859,47,Trammel,False
5386,757,-8,Trammel,5408,860,47,Trammel,False
5386,755,-8,Trammel,5408,858,47,Trammel,False
5242,1007,0,Trammel,1175,2635,0,Trammel,True
5243,1007,0,Trammel,1176,2635,0,Trammel,True
5244,1007,0,Trammel,1177,2635,0,Trammel,True
5142,797,22,Trammel,5129,908,-23,Trammel,False
5143,797,22,Trammel,5130,908,-23,Trammel,False
5144,797,22,Trammel,5131,908,-23,Trammel,False
5145,797,22,Trammel,5132,908,-23,Trammel,False
5153,808,-25,Trammel,5134,984,17,Trammel,False
5153,809,-25,Trammel,5134,985,17,Trammel,False
5153,810,-25,Trammel,5134,986,17,Trammel,False
5153,811,-25,Trammel,5134,987,17,Trammel,False
5129,909,-28,Trammel,5142,798,17,Trammel,False
5130,909,-28,Trammel,5143,798,17,Trammel,False
5131,909,-28,Trammel,5144,798,17,Trammel,False
5132,909,-28,Trammel,5145,798,17,Trammel,False
5133,984,22,Trammel,5152,808,-19,Trammel,False
5133,985,22,Trammel,5152,809,-19,Trammel,False
5133,986,22,Trammel,5152,810,-19,Trammel,False
5133,987,22,Trammel,5152,811,-19,Trammel,False
2603,2121,-20,Trammel,2605,2130,8,Trammel,False
2603,2120,-20,Trammel,2605,2130,8,Trammel,False
2669,2071,-20,Trammel,2666,2099,3,Trammel,False
2669,2072,-20,Trammel,2666,2099,3,Trammel,False
2669,2073,-20,Trammel,2666,2099,3,Trammel,False
2676,2241,-18,Trammel,2691,2234,2,Trammel,False
2676,2242,-18,Trammel,2691,2234,2,Trammel,False
2758,2092,-20,Trammel,2756,2097,38,Trammel,False
2759,2092,-20,Trammel,2756,2097,38,Trammel,False
2685,2063,39,Trammel,2685,2063,-20,Trammel,False
5217,18,15,Trammel,5204,74,17,Trammel,False
5200,71,17,Trammel,5211,22,15,Trammel,False
1997,81,7,Trammel,5881,242,0,Trammel,False
5705,146,-45,Trammel,5705,305,7,Trammel,False
5705,147,-45,Trammel,5705,306,7,Trammel,False
5874,146,27,Trammel,5208,2323,31,Trammel,False
5875,146,27,Trammel,5208,2322,32,Trammel,False
5876,146,27,Trammel,5208,2322,32,Trammel,False
5877,146,27,Trammel,5208,2322,32,Trammel,False
2399,198,0,Trammel,5753,436,79,Trammel,False
2400,198,0,Trammel,5754,436,80,Trammel,False
5191,152,0,Trammel,1367,891,0,Trammel,False
5849,239,-25,Trammel,5831,324,27,Trammel,False
5850,239,-25,Trammel,5832,324,26,Trammel,False
5851,239,-25,Trammel,5833,324,28,Trammel,False
5852,239,-25,Trammel,5834,324,27,Trammel,False
5853,239,-23,Trammel,5835,324,27,Trammel,False
5882,241,0,Trammel,1998,81,5,Trammel,False
5882,242,0,Trammel,1998,81,5,Trammel,False
5882,243,0,Trammel,1998,81,5,Trammel,False
5706,305,12,Trammel,5705,146,-45,Trammel,False
5706,306,12,Trammel,5705,147,-45,Trammel,False
5748,362,2,Trammel,313,786,-24,Trammel,False
5749,362,0,Trammel,313,786,-24,Trammel,False
5750,362,3,Trammel,314,786,-24,Trammel,False
5753,324,21,Trammel,5670,2391,40,Trammel,False
5831,323,34,Trammel,5849,238,-25,Trammel,False
5832,323,34,Trammel,5850,238,-25,Trammel,False
5833,323,33,Trammel,5851,238,-25,Trammel,False
5834,323,33,Trammel,5852,238,-25,Trammel,False
5835,323,33,Trammel,5853,238,-23,Trammel,False
5658,423,8,Trammel,5697,3659,2,Trammel,False
5686,385,2,Trammel,2777,894,-23,Trammel,False
5686,386,2,Trammel,2777,894,-23,Trammel,False
5686,387,2,Trammel,2777,895,-23,Trammel,False
5731,445,-18,Trammel,6087,3676,18,Trammel,False
5753,437,78,Trammel,2400,199,0,Trammel,False
5850,432,0,Trammel,5127,3143,97,Trammel,False
5850,433,-2,Trammel,5127,3143,97,Trammel,False
5850,434,-1,Trammel,5127,3143,97,Trammel,False
5850,431,2,Trammel,5127,3143,97,Trammel,False
5826,465,-1,Trammel,1987,2063,-40,Trammel,False
5827,465,-1,Trammel,1988,2063,-40,Trammel,False
5828,465,0,Trammel,1989,2063,-40,Trammel,False
313,786,-24,Trammel,5748,361,2,Trammel,False
314,786,-24,Trammel,5749,361,2,Trammel,False
2776,895,-23,Trammel,5685,387,2,Trammel,False
4540,898,32,Trammel,4442,1122,5,Trammel,False
4300,968,5,Trammel,4442,1122,5,Trammel,False
4436,1107,5,Trammel,4300,992,5,Trammel,False
4443,1137,5,Trammel,4487,1475,5,Trammel,False
4449,1107,5,Trammel,4539,890,28,Trammel,False
4449,1115,5,Trammel,4671,1135,10,Trammel,False
4663,1134,13,Trammel,4442,1122,5,Trammel,False
5701,1320,16,Trammel,5786,1336,-8,Trammel,False
5702,1320,16,Trammel,5787,1336,-8,Trammel,False
5703,1320,16,Trammel,5788,1336,-8,Trammel,False
5786,1335,-13,Trammel,5701,1319,13,Trammel,False
5787,1335,-13,Trammel,5702,1319,13,Trammel,False
5788,1335,-13,Trammel,5703,1319,13,Trammel,False
6005,1380,1,Trammel,5151,4063,37,Trammel,False
6005,1378,0,Trammel,5151,4062,37,Trammel,False
6005,1379,2,Trammel,5151,4062,37,Trammel,False
6025,1344,-26,Trammel,5137,3664,27,Trammel,False
6025,1345,-26,Trammel,5137,3664,27,Trammel,False
6025,1346,-26,Trammel,5137,3665,31,Trammel,False
5687,1424,38,Trammel,2923,3406,8,Trammel,False
5792,1416,41,Trammel,5758,2908,15,Trammel,False
5792,1417,41,Trammel,5758,2909,15,Trammel,False
5792,1415,41,Trammel,5758,2907,15,Trammel,False
5899,1411,43,Trammel,1630,3320,0,Trammel,False
5900,1411,42,Trammel,1630,3320,0,Trammel,False
5918,1412,-29,Trammel,5961,1409,59,Trammel,False
5918,1410,-29,Trammel,5961,1408,59,Trammel,False
5918,1411,-29,Trammel,5961,1408,59,Trammel,False
5961,1408,59,Trammel,5918,1411,-29,Trammel,False
5961,1409,59,Trammel,5918,1412,-29,Trammel,False
6125,1411,15,Trammel,6075,3332,4,Trammel,False
6126,1411,15,Trammel,6075,3332,4,Trammel,False
6127,1411,15,Trammel,6075,3332,4,Trammel,False
6137,1409,2,Trammel,6140,1432,4,Trammel,False
6138,1409,2,Trammel,6140,1432,4,Trammel,False
6140,1431,4,Trammel,6137,1408,2,Trammel,False
4496,1475,15,Trammel,4442,1122,5,Trammel,False
6031,1501,42,Trammel,1491,1642,24,Trammel,False
6031,1499,42,Trammel,1491,1640,24,Trammel,False
1491,1640,24,Trammel,6032,1499,31,Trammel,False
1491,1642,24,Trammel,6032,1501,31,Trammel,False
5340,1599,40,Trammel,5426,3122,-74,Trammel,False
5341,1599,40,Trammel,5426,3122,-74,Trammel,False
1987,2062,-40,Trammel,5826,464,0,Trammel,False
1988,2062,-40,Trammel,5827,464,-1,Trammel,False
1989,2062,-40,Trammel,5828,464,-1,Trammel,False
5203,2327,27,Trammel,5876,147,25,Trammel,False
5207,2322,27,Trammel,5877,147,25,Trammel,False
5207,2323,26,Trammel,5876,147,25,Trammel,False
5670,2391,40,Trammel,5753,325,10,Trammel,False
5974,2697,35,Trammel,2985,2890,35,Trammel,False
5267,2757,35,Trammel,424,3283,35,Trammel,False
5757,2908,14,Trammel,5791,1416,38,Trammel,False
5757,2909,15,Trammel,5791,1417,40,Trammel,False
5757,2907,15,Trammel,5791,1415,38,Trammel,False
1653,2963,0,Trammel,1677,2987,0,Trammel,False
1677,2987,0,Trammel,1675,2987,20,Trammel,False
5426,3123,-80,Trammel,5341,1602,0,Trammel,False
5126,3143,99,Trammel,5849,432,1,Trammel,False
424,3283,35,Trammel,5267,2757,35,Trammel,False
1629,3320,0,Trammel,5899,1411,43,Trammel,False
6075,3332,4,Trammel,6126,1410,15,Trammel,False
2923,3405,6,Trammel,5687,1423,39,Trammel,False
1142,3621,5,Trammel,1414,3828,5,Trammel,False
5137,3664,27,Trammel,6025,1344,-26,Trammel,False
5137,3665,31,Trammel,6025,1345,-26,Trammel,False
5697,3660,-5,Trammel,5658,424,0,Trammel,False
6086,3676,16,Trammel,5731,446,-16,Trammel,False
1409,3824,5,Trammel,1124,3623,5,Trammel,False
1419,3832,5,Trammel,1466,4015,5,Trammel,False
1406,3996,5,Trammel,1414,3828,5,Trammel,False
5150,4062,38,Trammel,6005,1378,0,Trammel,False
5150,4063,38,Trammel,6005,1380,1,Trammel,False
5906,4069,26,Trammel,2494,3576,5,Trammel,True
2985,2890,35,Trammel,5974,2697,35,Trammel,False
6172,21,0,Trammel,765,1645,0,Trammel,False
6172,22,0,Trammel,765,1646,0,Trammel,False
6172,23,0,Trammel,765,1647,0,Trammel,False
766,1645,0,Trammel,6174,21,0,Trammel,False
766,1646,0,Trammel,6174,22,0,Trammel,False
766,1647,0,Trammel,6174,23,0,Trammel,False
6173,176,-10,Trammel,6233,15,-10,Trammel,False
6174,176,-10,Trammel,6234,15,-10,Trammel,False
6175,176,-10,Trammel,6235,15,-10,Trammel,False
6176,176,-10,Trammel,6236,15,-10,Trammel,False
6177,176,-10,Trammel,6237,15,-10,Trammel,False
6178,176,-10,Trammel,6238,15,-10,Trammel,False
6179,176,-10,Trammel,6239,15,-10,Trammel,False
6233,14,-10,Trammel,6172,174,-10,Trammel,False
6234,14,-10,Trammel,6173,174,-10,Trammel,False
6235,14,-10,Trammel,6174,174,-10,Trammel,False
6236,14,-10,Trammel,6175,174,-10,Trammel,False
6237,14,-10,Trammel,6176,174,-10,Trammel,False
6238,14,-10,Trammel,6177,174,-10,Trammel,False
6239,14,-10,Trammel,6177,174,-10,Trammel,False
6240,14,-10,Trammel,6178,174,-10,Trammel,False
6256,97,-4,Trammel,6257,95,-10,Trammel,False
6260,97,-4,Trammel,6260,95,-10,Trammel,False
6263,97,-4,Trammel,6262,95,-10,Trammel,False
6269,97,-4,Trammel,6269,95,-10,Trammel,False
6273,97,-4,Trammel,6272,95,-10,Trammel,False
6262,95,-10,Trammel,6262,99,-10,Trammel,False
6159,130,0,Trammel,6317,63,-20,Trammel,False
6164,73,0,Trammel,6320,22,-20,Trammel,False
6161,163,-10,Trammel,6321,106,-20,Trammel,False
6276,40,-10,Trammel,6374,124,-20,Trammel,False
6211,106,0,Trammel,6355,34,-20,Trammel,False
6316,62,-5,Trammel,6160,131,0,Trammel,False
6319,19,-20,Trammel,6165,74,0,Trammel,False
6356,32,-9,Trammel,6210,105,0,Trammel,False
6374,125,-20,Trammel,6277,41,-10,Trammel,False
6373,49,-20,Trammel,801,1682,0,Trammel,False
6374,49,-20,Trammel,801,1682,0,Trammel,False
6375,49,-20,Trammel,801,1682,0,Trammel,False
6376,49,-20,Trammel,801,1682,0,Trammel,False
6377,49,-20,Trammel,801,1682,0,Trammel,False
1714,2996,0,Trammel,6308,892,0,Trammel,False
1714,2997,0,Trammel,6308,892,0,Trammel,False
6310,890,0,Trammel,1716,2997,0,Trammel,False
6310,891,0,Trammel,1716,2997,0,Trammel,False
6310,892,0,Trammel,1716,2997,0,Trammel,False
6310,893,0,Trammel,1716,2997,0,Trammel,False
3508,2777,26,Trammel,5912,355,0,Trammel,True
5140,1773,0,Felucca,5171,1586,0,Felucca,False

2186,294,-27,Ilshenar,2186,33,-27,Ilshenar,True
2187,294,-27,Ilshenar,2187,33,-27,Ilshenar,True
2188,294,-27,Ilshenar,2188,33,-27,Ilshenar,True
2189,294,-27,Ilshenar,2189,33,-27,Ilshenar,True
2189,320,-7,Ilshenar,1788,569,74,Ilshenar,True
2188,320,-7,Ilshenar,1787,569,74,Ilshenar,True
2187,320,-7,Ilshenar,1787,569,74,Ilshenar,False
1419,909,-10,Ilshenar,1784,994,-28,Ilshenar,True
1420,909,-10,Ilshenar,1785,994,-28,Ilshenar,True
1421,909,-10,Ilshenar,1786,994,-28,Ilshenar,True
1787,994,-28,Ilshenar,1421,909,-10,Ilshenar,False
1788,994,-28,Ilshenar,1421,909,-10,Ilshenar,False
1783,994,-28,Ilshenar,1419,909,-10,Ilshenar,False
1861,980,-28,Ilshenar,1490,877,10,Ilshenar,True
1861,981,-28,Ilshenar,1490,878,10,Ilshenar,True
1861,982,-28,Ilshenar,1490,879,10,Ilshenar,True
1861,983,-28,Ilshenar,1490,880,10,Ilshenar,True
1861,984,-28,Ilshenar,1490,880,10,Ilshenar,False
1516,879,10,Ilshenar,1363,1105,-26,Ilshenar,True
1362,1031,-13,Ilshenar,1981,1107,-16,Ilshenar,True
1363,1031,-13,Ilshenar,1982,1107,-16,Ilshenar,True
1364,1031,-13,Ilshenar,1983,1107,-16,Ilshenar,True
1980,1107,-16,Ilshenar,1362,1031,-13,Ilshenar,False
1984,1107,-16,Ilshenar,1364,1031,-13,Ilshenar,False
1745,1236,-30,Ilshenar,2112,829,-11,Ilshenar,True
1746,1236,-30,Ilshenar,2113,829,-11,Ilshenar,True
1747,1236,-30,Ilshenar,2114,829,-11,Ilshenar,True
1748,1236,-30,Ilshenar,2115,829,-11,Ilshenar,True
2116,829,-11,Ilshenar,1748,1236,-30,Ilshenar,False
1456,1328,-27,Ilshenar,1479,1494,-28,Ilshenar,True
1456,1329,-27,Ilshenar,1479,1495,-28,Ilshenar,True
1456,1330,-27,Ilshenar,1479,1496,-28,Ilshenar,True
1479,1493,-28,Ilshenar,1456,1328,-27,Ilshenar,False
1479,1497,-28,Ilshenar,1456,1330,-27,Ilshenar,False
1029,1155,-24,Ilshenar,1349,1512,-3,Ilshenar,True
1029,1154,-24,Ilshenar,1349,1511,-3,Ilshenar,True
1029,1153,-24,Ilshenar,1349,1510,-3,Ilshenar,True
1349,1509,-3,Ilshenar,1030,1153,-24,Ilshenar,False
1268,1508,-28,Ilshenar,1250,1508,-28,Ilshenar,True
1268,1509,-28,Ilshenar,1250,1509,-28,Ilshenar,True
1268,1510,-28,Ilshenar,1250,1510,-28,Ilshenar,True
1250,1511,-28,Ilshenar,1268,1510,-28,Ilshenar,False
1250,1512,-28,Ilshenar,1268,1510,-28,Ilshenar,False
810,874,-39,Ilshenar,532,1532,-7,Ilshenar,False
811,874,-39,Ilshenar,533,1532,-7,Ilshenar,False
812,874,-39,Ilshenar,534,1532,-7,Ilshenar,False
531,1533,-4,Ilshenar,810,875,-40,Ilshenar,False
532,1533,-4,Ilshenar,811,875,-39,Ilshenar,False
533,1533,-4,Ilshenar,812,875,-39,Ilshenar,False
534,1533,-4,Ilshenar,813,875,-40,Ilshenar,False
393,1587,-13,Ilshenar,78,1366,-36,Ilshenar,False
394,1587,-13,Ilshenar,79,1366,-36,Ilshenar,False
395,1587,-13,Ilshenar,80,1366,-36,Ilshenar,False
396,1587,-13,Ilshenar,81,1366,-36,Ilshenar,False
78,1365,-41,Ilshenar,393,1586,-16,Ilshenar,False
79,1365,-41,Ilshenar,394,1586,-16,Ilshenar,False
80,1365,-41,Ilshenar,395,1586,-16,Ilshenar,False
81,1365,-41,Ilshenar,396,1586,-16,Ilshenar,False
668,928,-84,Ilshenar,3,1267,-8,Ilshenar,True
668,929,-84,Ilshenar,3,1268,-8,Ilshenar,True
668,930,-82,Ilshenar,3,1269,-8,Ilshenar,True
575,1156,-121,Ilshenar,154,1473,-8,Ilshenar,False
576,1156,-121,Ilshenar,155,1473,-8,Ilshenar,False
577,1156,-121,Ilshenar,156,1473,-8,Ilshenar,False
154,1472,-8,Ilshenar,575,1155,-121,Ilshenar,False
155,1472,-8,Ilshenar,576,1155,-120,Ilshenar,False
156,1472,-8,Ilshenar,577,1155,-120,Ilshenar,False
10,872,-28,Ilshenar,10,1518,-27,Ilshenar,False
11,872,-28,Ilshenar,11,1518,-28,Ilshenar,False
12,872,-27,Ilshenar,12,1518,-28,Ilshenar,False
10,1519,-28,Ilshenar,10,873,-28,Ilshenar,False
11,1519,-27,Ilshenar,11,873,-28,Ilshenar,False
12,1519,-27,Ilshenar,12,873,-27,Ilshenar,False
636,813,-62,Ilshenar,164,743,-28,Ilshenar,False
164,746,-16,Ilshenar,636,815,-52,Ilshenar,False
348,1427,15,Ilshenar,18,1198,-5,Ilshenar,True
349,1427,15,Ilshenar,19,1198,-5,Ilshenar,True
350,1427,15,Ilshenar,20,1198,-5,Ilshenar,True
351,1427,15,Ilshenar,21,1198,-5,Ilshenar,True
712,1490,-3,Ilshenar,686,1490,-28,Ilshenar,False
712,1491,-3,Ilshenar,686,1491,-28,Ilshenar,False
712,1492,-3,Ilshenar,686,1492,-28,Ilshenar,False
712,1493,-3,Ilshenar,686,1493,-28,Ilshenar,False
694,1490,-53,Ilshenar,719,1490,-28,Ilshenar,False
694,1491,-53,Ilshenar,719,1491,-28,Ilshenar,False
694,1492,-53,Ilshenar,719,1492,-28,Ilshenar,False
694,1493,-53,Ilshenar,719,1493,-28,Ilshenar,False
775,1467,-28,Ilshenar,658,1498,-28,Ilshenar,False
838,1550,-6,Ilshenar,728,1505,-28,Ilshenar,False
838,1551,-6,Ilshenar,728,1506,-28,Ilshenar,False
838,1552,-6,Ilshenar,728,1507,-28,Ilshenar,False
838,1553,-6,Ilshenar,728,1508,-28,Ilshenar,False
722,1505,-53,Ilshenar,833,1550,-28,Ilshenar,False
722,1506,-53,Ilshenar,833,1551,-28,Ilshenar,False
722,1507,-53,Ilshenar,833,1552,-28,Ilshenar,False
722,1508,-53,Ilshenar,833,1553,-28,Ilshenar,False
954,1425,-53,Ilshenar,874,1490,2,Ilshenar,False
954,1426,-53,Ilshenar,874,1491,2,Ilshenar,False
954,1427,-53,Ilshenar,874,1492,2,Ilshenar,False
954,1428,-53,Ilshenar,874,1493,2,Ilshenar,False
954,1429,-53,Ilshenar,874,1493,2,Ilshenar,False
879,1490,24,Ilshenar,960,1425,-28,Ilshenar,False
879,1491,24,Ilshenar,960,1426,-28,Ilshenar,False
879,1492,24,Ilshenar,960,1427,-28,Ilshenar,False
879,1493,24,Ilshenar,960,1428,-28,Ilshenar,False
948,1464,-56,Ilshenar,951,1442,-6,Ilshenar,True
948,1465,-56,Ilshenar,951,1443,-6,Ilshenar,True
948,1466,-56,Ilshenar,951,1444,-6,Ilshenar,True
948,1467,-56,Ilshenar,951,1445,-6,Ilshenar,True
871,1433,-6,Ilshenar,897,1449,-28,Ilshenar,False
871,1434,-6,Ilshenar,897,1450,-28,Ilshenar,False
871,1435,-6,Ilshenar,897,1451,-28,Ilshenar,False
871,1436,-6,Ilshenar,897,1452,-28,Ilshenar,False
871,1437,-6,Ilshenar,897,1453,-28,Ilshenar,False
892,1449,-51,Ilshenar,866,1433,-28,Ilshenar,False
892,1450,-51,Ilshenar,866,1434,-28,Ilshenar,False
892,1451,-51,Ilshenar,866,1435,-28,Ilshenar,False
892,1452,-51,Ilshenar,866,1436,-28,Ilshenar,False
892,1453,-51,Ilshenar,866,1437,-28,Ilshenar,False
812,1546,-6,Ilshenar,848,1434,-28,Ilshenar,False
812,1547,-6,Ilshenar,848,1435,-28,Ilshenar,False
812,1548,-6,Ilshenar,848,1436,-28,Ilshenar,False
812,1549,-6,Ilshenar,848,1437,-28,Ilshenar,False
843,1434,-51,Ilshenar,807,1546,-28,Ilshenar,False
843,1435,-51,Ilshenar,807,1547,-28,Ilshenar,False
843,1436,-51,Ilshenar,807,1548,-28,Ilshenar,False
843,1437,-51,Ilshenar,807,1549,-28,Ilshenar,False
751,1473,-28,Ilshenar,763,1479,-28,Ilshenar,False
751,1479,-28,Ilshenar,763,1555,-28,Ilshenar,False
752,1549,-28,Ilshenar,751,1484,-28,Ilshenar,False
775,1492,-28,Ilshenar,827,1515,-28,Ilshenar,False
904,1360,-21,Ilshenar,1014,1506,0,Ilshenar,True
904,1361,-21,Ilshenar,1014,1507,0,Ilshenar,True
904,1362,-21,Ilshenar,1014,1508,0,Ilshenar,True
904,1363,-21,Ilshenar,1014,1509,0,Ilshenar,True
650,1297,-58,Ilshenar,626,1526,-28,Ilshenar,False
626,1527,-28,Ilshenar,650,1298,-58,Ilshenar,False
651,1297,-58,Ilshenar,627,1526,-28,Ilshenar,False
627,1527,-28,Ilshenar,651,1298,-59,Ilshenar,False
652,1297,-58,Ilshenar,628,1526,-28,Ilshenar,False
628,1527,-28,Ilshenar,652,1298,-58,Ilshenar,False
653,1297,-58,Ilshenar,629,1526,-28,Ilshenar,False
629,1527,-28,Ilshenar,653,1298,-58,Ilshenar,False
747,1539,-28,Ilshenar,785,1514,-28,Ilshenar,False
785,1524,-28,Ilshenar,798,1547,-28,Ilshenar,False
747,1555,-28,Ilshenar,785,1570,-28,Ilshenar,False
784,1580,-28,Ilshenar,798,1547,-28,Ilshenar,False
791,1548,-28,Ilshenar,781,1547,-28,Ilshenar,False
782,1550,-28,Ilshenar,783,1538,-28,Ilshenar,False
783,1539,-28,Ilshenar,787,1542,-28,Ilshenar,False
787,1543,-28,Ilshenar,781,1554,-28,Ilshenar,False
781,1555,-28,Ilshenar,789,1556,-28,Ilshenar,False
789,1557,-28,Ilshenar,785,1550,-28,Ilshenar,False
784,1550,-28,Ilshenar,777,1554,-28,Ilshenar,False
778,1554,-28,Ilshenar,787,1538,-28,Ilshenar,False
787,1537,-28,Ilshenar,781,1546,-28,Ilshenar,False
781,1545,-28,Ilshenar,789,1552,-28,Ilshenar,False
789,1553,-28,Ilshenar,789,1546,-28,Ilshenar,False
789,1545,-28,Ilshenar,779,1541,-28,Ilshenar,False
780,1541,-28,Ilshenar,785,1554,-28,Ilshenar,False
785,1555,-28,Ilshenar,783,1542,-28,Ilshenar,False
782,1542,-28,Ilshenar,785,1546,-28,Ilshenar,False
784,1546,-28,Ilshenar,776,1548,-28,Ilshenar,False
777,1555,-28,Ilshenar,798,1547,-28,Ilshenar,False
777,1553,-28,Ilshenar,798,1547,-28,Ilshenar,False
776,1549,-28,Ilshenar,798,1547,-28,Ilshenar,False
777,1548,-28,Ilshenar,798,1547,-28,Ilshenar,False
777,1547,-28,Ilshenar,798,1547,-28,Ilshenar,False
776,1546,-28,Ilshenar,798,1547,-28,Ilshenar,False
778,1541,-28,Ilshenar,798,1547,-28,Ilshenar,False
779,1540,-28,Ilshenar,798,1547,-28,Ilshenar,False
779,1542,-28,Ilshenar,798,1547,-28,Ilshenar,False
780,1554,-28,Ilshenar,798,1547,-28,Ilshenar,False
781,1553,-28,Ilshenar,798,1547,-28,Ilshenar,False
782,1554,-28,Ilshenar,798,1547,-28,Ilshenar,False
780,1550,-28,Ilshenar,798,1547,-28,Ilshenar,False
781,1549,-28,Ilshenar,798,1547,-28,Ilshenar,False
781,1551,-28,Ilshenar,798,1547,-28,Ilshenar,False
780,1546,-28,Ilshenar,798,1547,-28,Ilshenar,False
781,1547,-28,Ilshenar,798,1547,-28,Ilshenar,False
782,1546,-28,Ilshenar,798,1547,-28,Ilshenar,False
783,1543,-28,Ilshenar,798,1547,-28,Ilshenar,False
784,1542,-28,Ilshenar,798,1547,-28,Ilshenar,False
783,1541,-28,Ilshenar,798,1547,-28,Ilshenar,False
782,1538,-28,Ilshenar,798,1547,-28,Ilshenar,False
783,1537,-28,Ilshenar,798,1547,-28,Ilshenar,False
784,1538,-28,Ilshenar,798,1547,-28,Ilshenar,False
786,1538,-28,Ilshenar,798,1547,-28,Ilshenar,False
787,1539,-28,Ilshenar,798,1547,-28,Ilshenar,False
788,1538,-28,Ilshenar,798,1547,-28,Ilshenar,False
788,1542,-28,Ilshenar,798,1547,-28,Ilshenar,False
787,1541,-28,Ilshenar,798,1547,-28,Ilshenar,False
786,1542,-28,Ilshenar,798,1547,-28,Ilshenar,False
785,1545,-28,Ilshenar,798,1547,-28,Ilshenar,False
786,1546,-28,Ilshenar,798,1547,-28,Ilshenar,False
785,1547,-28,Ilshenar,798,1547,-28,Ilshenar,False
785,1549,-28,Ilshenar,798,1547,-28,Ilshenar,False
785,1551,-28,Ilshenar,798,1547,-28,Ilshenar,False
786,1550,-28,Ilshenar,798,1547,-28,Ilshenar,False
784,1554,-28,Ilshenar,798,1547,-28,Ilshenar,False
785,1553,-28,Ilshenar,798,1547,-28,Ilshenar,False
786,1554,-28,Ilshenar,798,1547,-28,Ilshenar,False
788,1556,-28,Ilshenar,798,1547,-28,Ilshenar,False
789,1555,-28,Ilshenar,798,1547,-28,Ilshenar,False
790,1556,-28,Ilshenar,798,1547,-28,Ilshenar,False
788,1552,-28,Ilshenar,798,1547,-28,Ilshenar,False
789,1551,-28,Ilshenar,798,1547,-28,Ilshenar,False
790,1552,-28,Ilshenar,798,1547,-28,Ilshenar,False
790,1546,-28,Ilshenar,798,1547,-28,Ilshenar,False
788,1546,-28,Ilshenar,798,1547,-28,Ilshenar,False
789,1547,-28,Ilshenar,798,1547,-28,Ilshenar,False
791,1545,-28,Ilshenar,798,1547,-28,Ilshenar,False
791,1546,-28,Ilshenar,798,1547,-28,Ilshenar,False
791,1547,-28,Ilshenar,798,1547,-28,Ilshenar,False
791,1549,-28,Ilshenar,798,1547,-28,Ilshenar,False
791,1550,-28,Ilshenar,798,1547,-28,Ilshenar,False
546,455,-40,Ilshenar,426,113,-28,Ilshenar,True
547,455,-40,Ilshenar,427,113,-28,Ilshenar,True
548,455,-40,Ilshenar,428,113,-28,Ilshenar,True
429,113,-28,Ilshenar,548,455,-40,Ilshenar,False
242,27,-16,Ilshenar,372,31,-31,Ilshenar,False
242,26,-16,Ilshenar,372,30,-31,Ilshenar,False
242,25,-16,Ilshenar,372,29,-31,Ilshenar,False
371,31,-36,Ilshenar,241,27,-18,Ilshenar,False
371,30,-36,Ilshenar,241,26,-18,Ilshenar,False
371,29,-36,Ilshenar,241,25,-18,Ilshenar,False
272,141,-16,Ilshenar,555,427,-1,Ilshenar,False
273,141,-16,Ilshenar,556,427,-1,Ilshenar,False
274,141,-16,Ilshenar,557,427,-1,Ilshenar,False
555,426,-6,Ilshenar,272,140,-21,Ilshenar,False
556,426,-6,Ilshenar,273,140,-21,Ilshenar,False
557,426,-6,Ilshenar,274,140,-21,Ilshenar,False
265,130,-31,Ilshenar,284,72,-21,Ilshenar,False
266,130,-31,Ilshenar,285,72,-21,Ilshenar,False
267,130,-31,Ilshenar,286,72,-21,Ilshenar,False
268,130,-31,Ilshenar,287,72,-21,Ilshenar,False
284,73,-16,Ilshenar,265,131,-28,Ilshenar,False
285,73,-16,Ilshenar,266,131,-28,Ilshenar,False
286,73,-16,Ilshenar,267,131,-28,Ilshenar,False
287,73,-16,Ilshenar,268,131,-28,Ilshenar,False
284,67,-30,Ilshenar,131,128,-21,Ilshenar,False
285,67,-30,Ilshenar,132,128,-21,Ilshenar,False
286,67,-30,Ilshenar,133,128,-21,Ilshenar,False
287,67,-30,Ilshenar,134,128,-21,Ilshenar,False
131,129,-16,Ilshenar,284,68,-28,Ilshenar,False
132,129,-16,Ilshenar,285,68,-28,Ilshenar,False
133,129,-16,Ilshenar,286,68,-28,Ilshenar,False
134,129,-16,Ilshenar,287,68,-28,Ilshenar,False
358,40,-36,Ilshenar,156,88,-18,Ilshenar,False
358,41,-36,Ilshenar,156,89,-18,Ilshenar,False
358,42,-36,Ilshenar,156,90,-18,Ilshenar,False
155,88,-16,Ilshenar,357,40,-31,Ilshenar,False
155,89,-16,Ilshenar,357,41,-31,Ilshenar,False
155,90,-16,Ilshenar,357,42,-31,Ilshenar,False
259,90,-28,Ilshenar,236,113,-28,Ilshenar,True
938,494,-40,Ilshenar,83,749,-23,Ilshenar,True
939,494,-40,Ilshenar,84,749,-23,Ilshenar,True
940,494,-40,Ilshenar,85,749,-23,Ilshenar,True
941,494,-40,Ilshenar,86,749,-23,Ilshenar,True
313,1329,-40,Ilshenar,327,1593,-13,Ilshenar,True
314,1329,-38,Ilshenar,328,1593,-13,Ilshenar,True
315,1329,-36,Ilshenar,329,1593,-13,Ilshenar,True
330,1593,-13,Ilshenar,315,1329,-35,Ilshenar,False
265,1587,-28,Ilshenar,225,1334,-20,Ilshenar,True
266,1587,-28,Ilshenar,226,1334,-20,Ilshenar,True
267,1587,-28,Ilshenar,227,1334,-20,Ilshenar,True
1139,592,-80,Ilshenar,1238,583,-19,Ilshenar,False
1140,592,-80,Ilshenar,1238,584,-19,Ilshenar,False
1141,592,-80,Ilshenar,1238,585,-19,Ilshenar,False
1142,592,-80,Ilshenar,1238,585,-19,Ilshenar,False
1237,583,-19,Ilshenar,1139,593,-80,Ilshenar,False
1237,584,-19,Ilshenar,1140,593,-80,Ilshenar,False
1237,585,-19,Ilshenar,1141,593,-80,Ilshenar,False
709,667,-39,Ilshenar,912,451,-80,Ilshenar,False
710,667,-39,Ilshenar,912,452,-80,Ilshenar,False
711,667,-39,Ilshenar,912,453,-80,Ilshenar,False
911,451,-80,Ilshenar,709,668,-39,Ilshenar,False
911,452,-80,Ilshenar,710,668,-39,Ilshenar,False
911,453,-80,Ilshenar,711,668,-38,Ilshenar,False
827,777,-80,Ilshenar,1975,114,-28,Ilshenar,False
827,778,-80,Ilshenar,1975,114,-28,Ilshenar,False
827,779,-80,Ilshenar,1975,114,-28,Ilshenar,False
828,777,-80,Ilshenar,1975,114,-28,Ilshenar,False
828,778,-80,Ilshenar,1975,114,-28,Ilshenar,False
828,779,-80,Ilshenar,1975,114,-28,Ilshenar,False
829,777,-80,Ilshenar,1975,114,-28,Ilshenar,False
829,778,-80,Ilshenar,1975,114,-28,Ilshenar,False
829,779,-80,Ilshenar,1975,114,-28,Ilshenar,False
1978,114,-28,Ilshenar,835,778,-80,Ilshenar,False
1978,115,-28,Ilshenar,835,778,-80,Ilshenar,False
1978,116,-28,Ilshenar,835,778,-80,Ilshenar,False
1978,117,-28,Ilshenar,835,778,-80,Ilshenar,False
1979,114,-28,Ilshenar,835,778,-80,Ilshenar,False
1979,115,-28,Ilshenar,835,778,-80,Ilshenar,False
1979,116,-28,Ilshenar,835,778,-80,Ilshenar,False
1979,117,-28,Ilshenar,835,778,-80,Ilshenar,False
1980,114,-28,Ilshenar,835,778,-80,Ilshenar,False
1980,115,-28,Ilshenar,835,778,-80,Ilshenar,False
1980,116,-28,Ilshenar,835,778,-80,Ilshenar,False
1980,117,-28,Ilshenar,835,778,-80,Ilshenar,False
1981,114,-28,Ilshenar,835,778,-80,Ilshenar,False
1981,115,-28,Ilshenar,835,778,-80,Ilshenar,False
1981,116,-28,Ilshenar,835,778,-80,Ilshenar,False
1981,117,-28,Ilshenar,835,778,-80,Ilshenar,False